р«қҖ,nhgd,
р«қҒ,gkjk,
р«қӮ,guth,
р«қғ,gumw,
р«қ„,twi,
р«қ…,ycwu,
р«қҶ,wgdr,
р«қҮ,wgkh,
р«қҲ,wplh,
р«қү,wgvk,
р«қҠ,wgmf,
р«қӢ,wjcu,
р«қҢ,jsgw,
р«қҚ,muhd,
р«қҺ,uhqn,
р«қҸ,uute,
р«қҗ,ujjj,
р«қ‘,fufl,
р«қ’,hjfj,
р«қ“,fliy,
р«қ”,fjfq,
р«қ•,dnei,
р«қ–,qdno,
р«қ—,drbd,
р«қҳ,kdnn,
р«қҷ,tmkh,
р«қҡ,klfc,
р«қӣ,shmk,
р«қң,kvsy,
р«ққ,jdnt,
р«қһ,kfcl,
р«қҹ,fyjf,
р«қ ,fseg,
р«қЎ,bdef,
р«қў,qfyy,
р«қЈ,qfhy,
р«қӨ,udgd,
р«қҘ,ugde,
р«қҰ,vmy,
р«қ§,vmnn,
р«қЁ,vplh,
р«қ©,vdtf,
р«қӘ,vamy,
р«қ«,vgoy,
р«қ¬,vkhm,
р«қӯ,vmmv,
р«қ®,vugi,
р«қҜ,vgnb,wfgb
р«қ°,pqjn,
р«құ,pnts,
р«қІ,nvyi,
р«қі,mxn,
р«қҙ,mrgk,
р«қө,mdtf,
р«қ¶,ykwf,
р«қ·,ykcf,
р«қё,uttw,
р«қ№,wfnu,
р«қә,renn,
р«қ»,rlkg,
р«қј,rwfq,
р«қҪ,rwhe,
р«қҫ,rswt,
р«қҝ,rujh,
р«һҖ,yctd,
р«һҒ,yugd,
р«һӮ,jgyy,
р«һғ,jukg,
р«һ„,gwwj,
р«һ…,evfy,
р«һҶ,ektd,
р«һҮ,eimh,
р«һҲ,svyg,
р«һү,sgkj,
р«һҠ,sryn,
р«һӢ,stuh,
р«һҢ,swnc,
р«һҚ,sseg,
р«һҺ,sdek,
р«һҸ,sdjk,
р«һҗ,sawy,
р«һ‘,sidd,
р«һ’,sdsj,
р«һ“,htft,
р«һ”,gqfg,
р«һ•,qayi,
р«һ–,nayi,
р«һ—,iuyy,
р«һҳ,ituh,
р«һҷ,iawy,
р«һҡ,iuqm,
р«һӣ,iyfj,
р«һң,iofy,
р«һқ,iuuw,
р«һһ,iajy,
р«һҹ,utno,
р«һ ,ovoy,
р«һЎ,oaps,
р«һў,iprh,
р«һЈ,qtgt,
р«һӨ,qtfe,
р«һҘ,gmy,
р«һҰ,gyjh,
р«һ§,gapl,
р«һЁ,gjtl,
р«һ©,gagw,
р«һӘ,adqn,
р«һ«,lyeu,
р«һ¬,ucfd,
р«һӯ,umft,
р«һ®,rqkg,
р«һҜ,eylf,
р«һ°,eqlf,
р«һұ,fckl,
р«һІ,xhdu,
р«һі,htah,
р«һҙ,qryi,
р«һө,pypg,
р«һ¶,pyro,
р«һ·,twfc,
р«һё,tgji,
р«һ№,pwnf,
р«һә,pwek,
р«һ»,ush,
р«һј,udhf,
р«һҪ,tfje,
р«һҫ,tlxx,
р«һҝ,tuvs,
р«ҹҖ,ofvg,
р«ҹҒ,xinc,
р«ҹӮ,xpfu,
р«ҹғ,xwtf,
р«ҹ„,xpdc,
р«ҹ…,xyiy,
р«ҹҶ,xtgf,
р«ҹҮ,xyne,
р«ҹҲ,udyu,
р«ҹү,bcy,
р«ҹҠ,eyah,
р«ҹӢ,vgnw,wfgw
р«ҹҢ,aqhu,
р«ҹҚ,aqxb,
р«ҹҺ,aagq,
р«ҹҸ,atky,
р«ҹҗ,apyb,
р«ҹ‘,avou,
р«ҹ’,aasu,
р«ҹ“,awek,
р«ҹ”,aubw,
р«ҹ•,aujb,
р«ҹ–,adnt,
р«ҹ—,jpwi,
р«ҹҳ,tnhh,
р«ҹҷ,tgkh,
р«ҹҡ,tgje,
р«ҹӣ,sjfj,
р«ҹң,ajwq,
р«ҹқ,yyje,
р«ҹһ,yhg,
р«ҹҹ,yufh,
р«ҹ ,yujf,
р«ҹЎ,ypfi,
р«ҹў,ysmy,
р«ҹЈ,khfe,
р«ҹӨ,lpxn,
р«ҹҘ,lfhw,
р«ҹҰ,luep,
р«ҹ§,spk,
р«ҹЁ,fyep,
р«ҹ©,udbp,
р«ҹӘ,rpwp,
р«ҹ«,ddnb,
р«ҹ¬,rfmb,
р«ҹӯ,ptkb,
р«ҹ®,sgtc,
р«ҹҜ,yjff,
р«ҹ°,qivg,
р«ҹұ,qfjf,
р«ҹІ,qvn,
р«ҹі,qnn,
р«ҹҙ,qwvn,
р«ҹө,qcqn,
р«ҹ¶,qmmg,
р«ҹ·,qug,
р«ҹё,qaag,
р«ҹ№,qawy,
р«ҹә,qynw,
р«ҹ»,qyth,
р«ҹј,qdpy,
р«ҹҪ,qtfx,
р«ҹҫ,qtgg,
р«ҹҝ,quda,
р« Җ,qdaj,
р« Ғ,qafl,
р« Ӯ,uwyc,
р« ғ,bjog,
р« „,nhgw,
р« …,fnhf,
р« Ҷ,fcdm,
р« Ү,mqyi,
р« Ҳ,mqnt,
р« ү,ghfg,
р« Ҡ,cyxy,
р« Ӣ,cynx,
р« Ң,csfj,
р« Қ,qoqf,
р« Һ,qosm,
р« Ҹ,qgsy,
р« җ,qgaf,
р« ‘,qgvc,
р« ’,qguj,
р« “,wvgg,
р« ”,qxwo,
р« •,ywyo,
р« –,dcqg,
р« —,hlqw,
р« ҳ,imfm,
р« ҷ,hbmc,hwwc
р« ҡ,hobk,
р« ӣ,hbjg,hwwg
р« ң,hwbq,
р« қ,imkn,