рұҚҗ,fqb,
рұҚ‘,fcgf,
рұҚ’,smdy,
рұҚ“,dtfy,
рұҚ”,ghdx,
рұҚ•,giww,
рұҚ–,ufgh,
рұҚ—,giuc,
рұҚҳ,tfcr,
рұҚҷ,imks,
рұҚҡ,giqq,
рұҚӣ,giwk,
рұҚң,wwkh,
рұҚқ,pfqh,
рұҚһ,oguw,
рұҚҹ,gngn,
рұҚ ,kkkh,
рұҚЎ,giuh,
рұҚў,dqqs,
рұҚЈ,qtgc,
рұҚӨ,gijh,
рұҚҘ,aukg,
рұҚҰ,anuy,
рұҚ§,vakh,
рұҚЁ,akfg,
рұҚ©,hfdj,
рұҚӘ,gmyc,
рұҚ«,mgd,
рұҚ¬,jnwy,
рұҚӯ,jvey,
рұҚ®,jycq,
рұҚҜ,jmgk,
рұҚ°,jgog,
рұҚұ,jmum,
рұҚІ,jrmh,
рұҚі,jajg,
рұҚҙ,jugv,
рұҚө,juvo,
рұҚ¶,jyno,
рұҚ·,ytcy,
рұҚё,qyi,
рұҚ№,eyi,
рұҚә,tdnb,
рұҚ»,pfd,
рұҚј,whqg,
рұҚҪ,dmjp,
рұҚҫ,cwyy,
рұҚҝ,lvqy,kgky
рұҺҖ,nvd,
рұҺҒ,ginv,
рұҺӮ,vui,
рұҺғ,niev,
рұҺ„,nivd,
рұҺ…,ntkd,
рұҺҶ,nqek,
рұҺҮ,ndjd,
рұҺҲ,nshd,
рұҺү,nbbk,
рұҺҠ,tonb,
рұҺӢ,nyvb,
рұҺҢ,ngkp,
рұҺҚ,nief,
рұҺҺ,ialn,
рұҺҸ,umib,
рұҺҗ,yjqn,
рұҺ‘,gkvc,
рұҺ’,gmff,
рұҺ“,fqqt,
рұҺ”,ckaf,
рұҺ•,ffwy,
рұҺ–,gfmf,
рұҺ—,ytnf,
рұҺҳ,ycaf,
рұҺҷ,ypmq,
рұҺҡ,wre,
рұҺӣ,wff,
рұҺң,wghu,
рұҺқ,wynn,
рұҺһ,wbgg,
рұҺҹ,wnrt,
рұҺ ,fjwi,
рұҺЎ,wmy,
рұҺў,whbh,
рұҺЈ,wwwi,
рұҺӨ,wmfg,
рұҺҘ,wrj,
рұҺҰ,whfh,
рұҺ§,wbnn,
рұҺЁ,wwag,
рұҺ©,wtdn,
рұҺӘ,wcfh,
рұҺ«,wgog,
рұҺ¬,wrmh,
рұҺӯ,wvbg,
рұҺ®,wgjg,
рұҺҜ,wkmy,
рұҺ°,wjfg,
рұҺұ,wynn,
рұҺІ,wbhc,
рұҺі,wheg,
рұҺҙ,wmun,
рұҺө,wjtf,
рұҺ¶,wmai,
рұҺ·,hxww,
рұҺё,wqbp,
рұҺ№,wugc,
рұҺә,wblg,
рұҺ»,wtcb,
рұҺј,wafh,
рұҺҪ,wriy,
рұҺҫ,wudc,
рұҺҝ,wgoj,
рұҸҖ,wgon,
рұҸҒ,wawc,
рұҸӮ,wudj,
рұҸғ,wyve,
рұҸ„,wpdk,
рұҸ…,wfkg,
рұҸҶ,wmmv,
рұҸҮ,wksq,
рұҸҲ,wtsg,
рұҸү,wwev,
рұҸҠ,wutg,
рұҸӢ,wydn,
рұҸҢ,waqj,
рұҸҚ,wdem,
рұҸҺ,fpbj,
рұҸҸ,jfwt,
рұҸҗ,wipm,
рұҸ‘,whxi,
рұҸ’,wqqw,
рұҸ“,wugi,
рұҸ”,wgkm,
рұҸ•,wwve,
рұҸ–,wvll,
рұҸ—,wyvc,
рұҸҳ,wksl,
рұҸҷ,wksi,
рұҸҡ,wqan,
рұҸӣ,wksm,
рұҸң,wtxg,wtmg
рұҸқ,wqas,
рұҸһ,whwm,
рұҸҹ,wksm,
рұҸ ,wogh,
рұҸЎ,wtrm,
рұҸў,wwwn,
рұҸЈ,wxyj,
рұҸӨ,giiq,
рұҸҘ,yqaq,
рұҸҰ,iqug,
рұҸ§,riqb,
рұҸЁ,yokq,
рұҸ©,iqwf,
рұҸӘ,adwq,
рұҸ«,urxm,
рұҸ¬,uekq,
рұҸӯ,jgqq,
рұҸ®,iqye,
рұҸҜ,ltkq,
рұҸ°,iqfl,
рұҸұ,tyub,
рұҸІ,tykc,
рұҸі,uhy,
рұҸҙ,uawu,
рұҸө,mgkw,
рұҸ¶,hwdg,
рұҸ·,awaw,
рұҸё,wcuj,
рұҸ№,etnh,
рұҸә,mad,
рұҸ»,mcci,
рұҸј,dgkf,
рұҸҪ,pfqc,
рұҸҫ,psgi,
рұҸҝ,ukg,
рұҗҖ,umy,
рұҗҒ,uhbh,
рұҗӮ,uqhy,
рұҗғ,uiqn,
рұҗ„,ukmy,
рұҗ…,umy,
рұҗҶ,utfk,
рұҗҮ,udmy,
рұҗҲ,ugdj,
рұҗү,uudr,
рұҗҠ,uujn,
рұҗӢ,ugho,
рұҗҢ,ufkk,
рұҗҚ,obk,
рұҗҺ,kmwb,
рұҗҸ,wfub,
рұҗҗ,mmgj,
рұҗ‘,bmnm,
рұҗ’,ghnj,
рұҗ“,vwvn,
рұҗ”,vyvy,
рұҗ•,vvvn,
рұҗ–,vjgg,
рұҗ—,vthf,
рұҗҳ,fwwj,
рұҗҷ,utjh,
рұҗҡ,mgnj,
рұҗӣ,evjh,
рұҗң,lpjh,
рұҗқ,dubj,
рұҗһ,hjxv,
рұҗҹ,ywwj,
рұҗ ,cdej,
рұҗЎ,udav,
рұҗў,wfij,
рұҗЈ,qdjj,
рұҗӨ,agaj,
рұҗҘ,swwj,
рұҗҰ,yssj,
рұҗ§,wgkk,
рұҗЁ,uejk,
рұҗ©,tlb,
рұҗӘ,ulv,
рұҗ«,ldg,
рұҗ¬,anln,
рұҗӯ,anlb,
рұҗ®,eln,
рұҗҜ,lpxn,
рұҗ°,ldqn,
рұҗұ,fhln,
рұҗІ,qvhl,
рұҗі,pjhl,
рұҗҙ,lkde,
рұҗө,fall,
рұҗ¶,llss,
рұҗ·,dnyl,
рұҗё,qnwh,
рұҗ№,qrwc,
рұҗә,qrfi,
рұҗ»,qnte,
рұҗј,qrle,
рұҗҪ,gmay,
рұҗҫ,cqrt,
рұҗҝ,qrec,
рұ‘Җ,qrfm,
рұ‘Ғ,qtgo,
рұ‘Ӯ,qrfm,
рұ‘ғ,qnwj,
рұ‘„,xvmh,
рұ‘…,xtdt,
рұ‘Ҷ,agmd,
рұ‘Ү,agiq,
рұ‘Ҳ,lftr,
рұ‘ү,aujm,
рұ‘Ҡ,auwc,
рұ‘Ӣ,aiwk,
рұ‘Ң,aadn,
рұ‘Қ,akkk,
рұ‘Һ,yofj,
рұ‘Ҹ,jfhh,
рұ‘җ,ewfp,
рұ‘‘,ntfd,
рұ‘’,tfqj,
рұ‘“,djaf,
рұ‘”,nkuf,
рұ‘•,ajmp,
рұ‘–,hpnn,
рұ‘—,kmhy,
рұ‘ҳ,abh,
рұ‘ҷ,bjqn,
рұ‘ҡ,qytj,
рұ‘ӣ,nhdy,
рұ‘ң,dfci,
рұ‘қ,dsd,
рұ‘һ,dgkh,
рұ‘ҹ,dsjg,
рұ‘ ,dkth,
рұ‘Ў,drib,
рұ‘ў,cnb,
рұ‘Ј,fcuh,
рұ‘Ө,fchg,
рұ‘Ҙ,mfcy,
рұ‘Ұ,fcjx,
рұ‘§,citk,
рұ‘Ё,cfcd,
рұ‘©,fckw,
рұ‘Ә,fcyf,
рұ‘«,fcpk,
рұ‘¬,fctq,
рұ‘ӯ,fcvf,
рұ‘®,pugc,
рұ‘Ҝ,cccy,
рұ‘°,fcfk,
рұ‘ұ,caf,
рұ‘І,egcu,
рұ‘і,cygf,
рұ‘ҙ,wnnc,
рұ‘ө,cvkf,
рұ‘¶,ccey,
рұ‘·,wtcu,
рұ‘ё,imkc,
рұ‘№,qaqc,
рұ‘ә,oocu,
рұ‘»,rckk,
рұ‘ј,ytyc,
рұ‘Ҫ,thlc,
рұ‘ҫ,ipic,
рұ‘ҝ,knnn,
рұ’Җ,kdnn,
рұ’Ғ,kfnn,
рұ’Ӯ,knrt,
рұ’ғ,kiu,
рұ’„,knn,
рұ’…,kbhk,
рұ’Ҷ,kgdy,
рұ’Ү,khbh,
рұ’Ҳ,kjg,
рұ’ү,kmnn,
рұ’Ҡ,kwfg,
рұ’Ӣ,qqkf,
рұ’Ң,kqbh,
рұ’Қ,qdf,
рұ’Һ,kccy,
рұ’Ҹ,ankf,
рұ’җ,kdnt,
рұ’‘,gmwk,
рұ’’,khf,
рұ’“,kish,
рұ’”,kdfy,
рұ’•,gikc,
рұ’–,kshy,
рұ’—,kamy,
рұ’ҳ,kgsh,
рұ’ҷ,kdfh,
рұ’ҡ,kgkq,
рұ’ӣ,kkyn,
рұ’ң,kidy,
рұ’қ,ktln,
рұ’һ,kqsy,
рұ’ҹ,kwqb,
рұ’ ,keln,
рұ’Ў,kumh,
рұ’ў,yokf,
рұ’Ј,kyln,
рұ’Ө,kvqy,
рұ’Ҙ,kvkg,
рұ’Ұ,kdtf,
рұ’§,krbc,
рұ’Ё,katd,
рұ’©,kset,
рұ’Ә,kdah,
рұ’«,krnw,
рұ’¬,krwu,
рұ’ӯ,gogh,
рұ’®,gsck,
рұ’Ҝ,khln,
рұ’°,kafy,
рұ’ұ,wtkf,
рұ’І,kwln,
рұ’і,kqtg,
рұ’ҙ,kwdg,
рұ’ө,ktmc,
рұ’¶,kuny,
рұ’·,ygkx,
рұ’ё,kuat,
рұ’№,kiey,
рұ’ә,kihg,
рұ’»,kxty,
рұ’ј,kelg,
рұ’Ҫ,ksgi,
рұ’ҫ,ksoy,
рұ’ҝ,ksqa,
рұ“Җ,kdlg,
рұ“Ғ,kalw,
рұ“Ӯ,kkks,
рұ“ғ,lwgk,
рұ“„,kamf,
рұ“…,ktfx,
рұ“Ҷ,krpy,
рұ“Ү,kegn,
рұ“Ҳ,ketf,
рұ“ү,kqdj,
рұ“Ҡ,kwff,
рұ“Ӣ,kwaw,
рұ“Ң,krwp,
рұ“Қ,kqae,
рұ“Һ,qkuk,
рұ“Ҹ,kpuv,
рұ“җ,kpud,
рұ“‘,puvk,
рұ“’,kyvw,
рұ““,knpy,
рұ“”,kxfm,
рұ“•,kvcx,
рұ“–,ksyh,
рұ“—,kdmf,
рұ“ҳ,kdcc,
рұ“ҷ,krff,
рұ“ҡ,kkkc,
рұ“ӣ,kjog,
рұ“ң,katu,
рұ“қ,kkdm,
рұ“һ,kwyg,
рұ“ҹ,keuf,
рұ“ ,kwkh,
рұ“Ў,krhb,
рұ“ў,ketg,
рұ“Ј,kudb,
рұ“Ө,kyuq,
рұ“Ҙ,kuud,
рұ“Ұ,kiwk,
рұ“§,kudj,
рұ“Ё,kbbb,
рұ“©,kwgd,
рұ“Ә,kgne,
рұ“«,ksud,
рұ“¬,kdep,
рұ“ӯ,ksdn,
рұ“®,kdth,
рұ“Ҝ,ksyw,
рұ“°,krvo,
рұ“ұ,dpuv,
рұ“І,kaps,
рұ“і,klgh,
рұ“ҙ,kaaw,
рұ“ө,kqbh,
рұ“¶,kwtn,
рұ“·,ktnt,
рұ“ё,kqsh,
рұ“№,kwjs,
рұ“ә,kwdk,
рұ“»,kwnh,
рұ“ј,kqfh,
рұ“Ҫ,kyon,
рұ“ҫ,kugi,
рұ“ҝ,kifb,
рұ”Җ,kytj,
рұ”Ғ,kntu,
рұ”Ӯ,kywj,
рұ”ғ,kvut,
рұ”„,krwk,
рұ”…,krdn,
рұ”Ҷ,kkpk,
рұ”Ү,kjgy,
рұ”Ҳ,kkga,
рұ”ү,khjp,
рұ”Ҡ,kjcm,
рұ”Ӣ,wgkd,
рұ”Ң,ktdx,
рұ”Қ,kqrq,
рұ”Һ,kwle,
рұ”Ҹ,ktvq,
рұ”җ,ynkk,
рұ”‘,knce,
рұ”’,kymc,
рұ”“,kpdk,
рұ””,kxfm,
рұ”•,kxlg,
рұ”–,ckfk,
рұ”—,kgqe,
рұ”ҳ,ksvi,
рұ”ҷ,kfiu,
рұ”ҡ,kaqo,
рұ”ӣ,iqik,
рұ”ң,kkkb,
рұ”қ,kjwk,
рұ”һ,kkfe,
рұ”ҹ,keul,
рұ” ,kqje,
рұ”Ў,ktfh,
рұ”ў,kqtj,
рұ”Ј,kpdj,
рұ”Ө,kpwh,
рұ”Ҙ,kusd,
рұ”Ұ,kimj,
рұ”§,kytf,
рұ”Ё,kyve,
рұ”©,kuja,
рұ”Ә,kywy,
рұ”«,kpwk,
рұ”¬,kijl,
рұ”ӯ,kyoj,
рұ”®,kuge,
рұ”Ҝ,knbb,
рұ”°,knhq,
рұ”ұ,kblh,
рұ”І,kxwk,
рұ”і,fkuv,
рұ”ҙ,kfwc,
рұ”ө,kshn,
рұ”¶,ksbg,
рұ”·,keyd,
рұ”ё,krjl,
рұ”№,ksov,
рұ”ә,kfxj,
рұ”»,kaqt,
рұ”ј,kkho,
рұ”Ҫ,khih,
рұ”ҫ,khtf,
рұ”ҝ,kqej,
рұ•Җ,kpws,
рұ•Ғ,kied,
рұ•Ӯ,bqrx,
рұ•ғ,knhp,
рұ•„,kvjj,
рұ•…,kdsj,
рұ•Ҷ,ksgk,
рұ•Ү,ksui,
рұ•Ҳ,kajf,
рұ•ү,kjse,
рұ•Ҡ,kkhp,
рұ•Ӣ,ktha,
рұ•Ң,ktlq,
рұ•Қ,ktaw,
рұ•Һ,rgkv,
рұ•Ҹ,txgk,
рұ•җ,kpne,
рұ•‘,kujk,
рұ•’,kytu,
рұ•“,dfet,
рұ•”,kaan,
рұ••,krwc,
рұ•–,ksdv,
рұ•—,kfwl,
рұ•ҳ,kiwo,
рұ•ҷ,kkhi,
рұ•ҡ,kwww,
рұ•ӣ,kisj,
рұ•ң,kyfe,
рұ•қ,ksuj,
рұ•һ,fnmk,
рұ•ҹ,ksaw,
рұ• ,kgkh,
рұ•Ў,fjgk,
рұ•ў,ktgi,
рұ•Ј,kyfj,
рұ•Ө,kbww,
рұ•Ҙ,kctt,
рұ•Ұ,kafy,
рұ•§,kati,
рұ•Ё,kaqr,
рұ•©,qegx,
рұ•Ә,krlx,
рұ•«,kyxn,
рұ•¬,kyad,
рұ•ӯ,akfw,
рұ•®,ksqr,
рұ•Ҝ,kdjo,
рұ•°,kyny,
рұ•ұ,knbn,
рұ•І,kaxl,
рұ•і,kukq,
рұ•ҙ,awwk,
рұ•ө,kkjw,
рұ•¶,kkaf,
рұ•·,kqkq,
рұ•ё,lnny,
рұ•№,lqnv,
рұ•ә,lji,
рұ•»,loi,lqoi
рұ•ј,ludi,
рұ•Ҫ,lpei,
рұ•ҫ,xxlk,
рұ•ҝ,lwwk,
рұ–Җ,lqaj,
рұ–Ғ,lnhq,
рұ–Ӯ,lvii,
рұ–ғ,lawn,
рұ–„,lyna,
рұ–…,gilm,
рұ–Ҷ,mfd,
рұ–Ү,ffh,
рұ–Ҳ,fgqn,
рұ–ү,vff,
рұ–Ҡ,fitt,
рұ–Ӣ,wxff,
рұ–Ң,weff,
рұ–Қ,fwcy,
рұ–Һ,ftdy,
рұ–Ҹ,fwbn,
рұ–җ,yff,
рұ–‘,fang,
рұ–’,fgt,
рұ–“,gyff,
рұ–”,mggf,
рұ–•,fkwy,
рұ––,fhgg,
рұ–—,qhff,
рұ–ҳ,fthy,
рұ–ҷ,fwmh,
рұ–ҡ,qiff,
рұ–ӣ,fwhg,
рұ–ң,fcfg,
рұ–қ,fgmf,
рұ–һ,fdhf,
рұ–ҹ,fagg,
рұ– ,ftxf,
рұ–Ў,fdfy,
рұ–ў,fitl,
рұ–Ј,jjcf,
рұ–Ө,fwtf,
рұ–Ҙ,fqcn,
рұ–Ұ,wwwf,
рұ–§,fukh,
рұ–Ё,fyey,
рұ–©,flpy,
рұ–Ә,dwwf,
рұ–«,faww,
рұ–¬,fgoy,
рұ–ӯ,famy,
рұ–®,flsy,
рұ–Ҝ,flwm,
рұ–°,fevg,
рұ–ұ,fqdh,
рұ–І,fujg,
рұ–і,fpwa,
рұ–ҙ,fpeg,
рұ–ө,vkbf,
рұ–¶,fifg,
рұ–·,fnfc,
рұ–ё,dfaf,
рұ–№,fsww,
рұ–ә,flgy,
рұ–»,hjwf,
рұ–ј,fmty,
рұ–Ҫ,fkhn,
рұ–ҫ,fdjd,
рұ–ҝ,jcfh,
рұ—Җ,frgm,
рұ—Ғ,wkqf,
рұ—Ӯ,fwfk,
рұ—ғ,fqaj,
рұ—„,rrff,
рұ—…,fqde,
рұ—Ҷ,fwgq,
рұ—Ү,pyff,
рұ—Ҳ,uaff,
рұ—ү,fuey,
рұ—Ҡ,fbsk,
рұ—Ӣ,fafh,
рұ—Ң,fgkj,
рұ—Қ,fgih,
рұ—Һ,fxxm,
рұ—Ҹ,fjtq,
рұ—җ,jfwf,
рұ—‘,fjtf,
рұ—’,fhag,
рұ—“,jcfi,
рұ—”,fqvn,
рұ—•,toff,
рұ—–,fukn,
рұ——,fyud,
рұ—ҳ,btaf,
рұ—ҷ,fnhc,
рұ—ҡ,fcel,
рұ—ӣ,fddy,
рұ—ң,fdfk,
рұ—қ,fbcc,
рұ—һ,fmeg,
рұ—ҹ,flwc,
рұ— ,fhan,
рұ—Ў,fhay,
рұ—ў,fjiq,
рұ—Ј,wcnf,
рұ—Ө,frdf,
рұ—Ҙ,fqye,
рұ—Ұ,fere,
рұ—§,iahf,
рұ—Ё,fyon,
рұ—©,fvep,
рұ—Ә,fwhf,
рұ—«,fffn,
рұ—¬,dhfu,
рұ—ӯ,fogk,
рұ—®,fham,
рұ—Ҝ,fwtf,
рұ—°,ftmq,
рұ—ұ,fmfe,
рұ—І,fthk,
рұ—і,ybbf,
рұ—ҙ,fgif,
рұ—ө,deff,
рұ—¶,ffwj,
рұ—·,jjjf,
рұ—ё,fjbc,
рұ—№,funy,
рұ—ә,fhxi,
рұ—»,flfo,
рұ—ј,tgaa,
рұ—Ҫ,fwyp,
рұ—ҫ,wwfh,
рұ—ҝ,fpjh,
рұҳҖ,fyct,
рұҳҒ,yidf,
рұҳӮ,vdaf,
рұҳғ,fxjm,
рұҳ„,aqkf,
рұҳ…,fkhk,
рұҳҶ,fqeh,
рұҳҮ,frfp,
рұҳҲ,ipdf,
рұҳү,fyuo,
рұҳҠ,fovt,
рұҳӢ,fdqq,
рұҳҢ,jcfw,
рұҳҚ,fdje,
рұҳҺ,fqve,
рұҳҸ,fpxm,
рұҳҗ,futy,
рұҳ‘,fpwi,
рұҳ’,fnup,
рұҳ“,fjfo,
рұҳ”,fboh,
рұҳ•,fgeh,
рұҳ–,kkfc,
рұҳ—,ftun,
рұҳҳ,fugi,
рұҳҷ,iutf,
рұҳҡ,xxgf,
рұҳӣ,foyo,
рұҳң,akkf,
рұҳқ,fiay,
рұҳһ,fxys,
рұҳҹ,ffkw,
рұҳ ,fnyf,
рұҳЎ,fpgg,
рұҳў,fnpi,
рұҳЈ,twyc,
рұҳӨ,dept,
рұҳҘ,obwt,
рұҳҰ,qvn,
рұҳ§,wtqq,
рұҳЁ,pegq,
рұҳ©,ywtk,
рұҳӘ,ehqq,
рұҳ«,jffq,
рұҳ¬,djeq,
рұҳӯ,dnu,
рұҳ®,dyb,
рұҳҜ,skdy,
рұҳ°,didu,
рұҳұ,gady,
рұҳІ,dllb,
рұҳі,whfd,
рұҳҙ,guwy,
рұҳө,dykf,
рұҳ¶,gdnr,
рұҳ·,gdwj,
рұҳё,dyvb,
рұҳ№,fjdh,
рұҳә,dwwl,
рұҳ»,vcad,
рұҳј,dfnv,
рұҳҪ,afcd,
рұҳҫ,dqot,
рұҳҝ,xlxd,
рұҷҖ,dngm,
рұҷҒ,vgf,
рұҷӮ,vqn,
рұҷғ,vbb,
рұҷ„,vgng,
рұҷ…,vun,
рұҷҶ,vnuy,
рұҷҮ,vwxn,
рұҷҲ,vtfh,
рұҷү,wevf,
рұҷҠ,vfvg,
рұҷӢ,vhnt,
рұҷҢ,vlg,
рұҷҚ,vcfg,
рұҷҺ,gogv,
рұҷҸ,vlvg,
рұҷҗ,vvg,
рұҷ‘,vyjh,
рұҷ’,vubg,
рұҷ“,vpgf,
рұҷ”,vgod,
рұҷ•,vjfg,
рұҷ–,vwwk,
рұҷ—,vueg,
рұҷҳ,icvf,
рұҷҷ,vvoy,
рұҷҡ,vvwy,
рұҷӣ,vybg,
рұҷң,nxvb,
рұҷқ,vkbg,
рұҷһ,vhag,
рұҷҹ,vudj,
рұҷ ,vgef,
рұҷЎ,vate,
рұҷў,vrev,
рұҷЈ,vmth,
рұҷӨ,vaws,
рұҷҘ,vyon,
рұҷҰ,vcex,
рұҷ§,vhag,
рұҷЁ,vaqe,
рұҷ©,vtlt,
рұҷӘ,vpdk,
рұҷ«,vpgw,
рұҷ¬,vcff,
рұҷӯ,vdwy,
рұҷ®,vaes,
рұҷҜ,vday,
рұҷ°,vype,
рұҷұ,vbxg,
рұҷІ,djdv,
рұҷі,gvhy,
рұҷҙ,vakw,
рұҷө,bmh,
рұҷ¶,dybf,
рұҷ·,bmy,
рұҷё,bmwy,
рұҷ№,bbmh,
рұҷә,ebwx,
рұҷ»,gobg,
рұҷј,fwwb,
рұҷҪ,bamw,
рұҷҫ,ftbn,
рұҷҝ,bpey,
рұҡҖ,bflg,
рұҡҒ,bujn,
рұҡӮ,pbij,
рұҡғ,pghu,
рұҡ„,pbnb,
рұҡ…,plkf,
рұҡҶ,pgix,
рұҡҮ,pmu,
рұҡҲ,pbhg,
рұҡү,pjsu,
рұҡҠ,pmfk,
рұҡӢ,prtf,
рұҡҢ,pviu,
рұҡҚ,pkkv,
рұҡҺ,pujj,
рұҡҸ,pcu,
рұҡҗ,pwyc,
рұҡ‘,rhfg,
рұҡ’,pfgf,
рұҡ“,pntj,
рұҡ”,pvnn,
рұҡ•,pvfj,pvhh
рұҡ–,phii,
рұҡ—,ptgo,
рұҡҳ,pqab,
рұҡҷ,pntj,
рұҡҡ,pnhk,
рұҡӣ,nweq,
рұҡң,ptha,
рұҡқ,wvfu,
рұҡһ,rfu,
рұҡҹ,hcfy,
рұҡ ,dmjf,
рұҡЎ,awyf,
рұҡў,ecmf,
рұҡЈ,itqy,
рұҡӨ,ibmj,
рұҡҘ,iuft,
рұҡҰ,idmd,
рұҡ§,dnqp,
рұҡЁ,idph,
рұҡ©,ifti,
рұҡӘ,itty,
рұҡ«,itty,
рұҡ¬,idqq,
рұҡӯ,upmy,
рұҡ®,ahte,
рұҡҜ,gqeq,
рұҡ°,nfk,
рұҡұ,nfi,
рұҡІ,nghi,
рұҡі,nite,
рұҡҙ,nnfd,
рұҡө,nrwi,
рұҡ¶,nlkd,
рұҡ·,nwnn,
рұҡё,nyei,
рұҡ№,nyeg,
рұҡә,nevd,
рұҡ»,ntti,
рұҡј,nsjg,
рұҡҪ,nndq,
рұҡҫ,nbma,
рұҡҝ,niel,
рұӣҖ,nyun,
рұӣҒ,ntff,
рұӣӮ,ntfi,
рұӣғ,nudd,
рұӣ„,gbnb,
рұӣ…,jmh,
рұӣҶ,mbj,
рұӣҮ,mgng,
рұӣҲ,fcmj,
рұӣү,mdbn,
рұӣҠ,mmqb,
рұӣӢ,mmwy,
рұӣҢ,mweb,
рұӣҚ,mwxn,
рұӣҺ,mqrr,
рұӣҸ,mtay,
рұӣҗ,mxhj,
рұӣ‘,mnwy,
рұӣ’,mbnb,
рұӣ“,mdxn,
рұӣ”,mfcu,
рұӣ•,mdmh,
рұӣ–,mlj,
рұӣ—,mmmg,
рұӣҳ,mrcy,
рұӣҷ,mqiy,
рұӣҡ,mtln,
рұӣӣ,rgmh,
рұӣң,mdhf,
рұӣқ,mgog,
рұӣһ,mamy,
рұӣҹ,mddu,
рұӣ ,mdoy,
рұӣЎ,mdfn,
рұӣў,mkkf,
рұӣЈ,miff,
рұӣӨ,mldu,
рұӣҘ,mtfq,
рұӣҰ,mytf,
рұӣ§,mvbf,
рұӣЁ,mamy,
рұӣ©,mgki,
рұӣӘ,mmit,
рұӣ«,mmy,
рұӣ¬,mjfu,
рұӣӯ,mefy,
рұӣ®,mqej,
рұӣҜ,mukq,
рұӣ°,mvoy,
рұӣұ,mfuf,
рұӣІ,mgtu,
рұӣі,mmdg,
рұӣҙ,mqgg,
рұӣө,mqrm,
рұӣ¶,mtyg,
рұӣ·,madm,
рұӣё,mdwj,
рұӣ№,mbbh,
рұӣә,mgki,
рұӣ»,mamd,
рұӣј,mtvh,
рұӣҪ,mwdc,
рұӣҫ,myox,
рұӣҝ,miff,
рұңҖ,mcel,
рұңҒ,mfit,
рұңӮ,lfnc,
рұңғ,mqbt,
рұң„,mwqu,
рұң…,mgmj,
рұңҶ,mhak,
рұңҮ,mwym,
рұңҲ,mton,
рұңү,mtdp,
рұңҠ,mqoy,
рұңӢ,mypn,
рұңҢ,mpfh,
рұңҚ,mwtl,
рұңҺ,mqtl,
рұңҸ,mtvh,
рұңҗ,rytm,
рұң‘,mtgo,
рұң’,qevm,
рұң“,mtmm,
рұң”,mwnh,
рұң•,mgxu,
рұң–,vjss,
рұң—,kkan,
рұңҳ,wgmn,
рұңҷ,anwa,
рұңҡ,awwl,
рұңӣ,anhe,
рұңң,wdun,
рұңқ,annm,
рұңһ,cfwt,
рұңҹ,awny,
рұң ,cwww,
рұңЎ,dmhn,
рұңў,umhj,
рұңЈ,umhw,
рұңӨ,mhgw,
рұңҘ,mhte,
рұңҰ,huph,
рұң§,hxgh,
рұңЁ,qidh,
рұң©,mhuj,
рұңӘ,mhrh,
рұң«,tymh,
рұң¬,mhyi,
рұңӯ,mhnm,
рұң®,dmhy,
рұңҜ,mhya,
рұң°,mhrh,
рұңұ,mhyd,
рұңІ,egbh,
рұңі,mhjq,
рұңҙ,mhyc,
рұңө,mhgn,
рұң¶,hxuh,
рұң·,temh,
рұңё,mhye,
рұң№,gjah,
рұңә,mhfm,
рұң»,mhkk,
рұңј,mhud,
рұңҪ,fklj,
рұңҫ,fyey,
рұңҝ,fuft,
рұқҖ,uauo,
рұқҒ,fuff,
рұқӮ,rhfc,
рұқғ,ysd,
рұқ„,yoci,
рұқ…,yaii,
рұқҶ,ydyl,
рұқҮ,ygkp,
рұқҲ,yaqe,
рұқү,ycen,
рұқҠ,ydui,
рұқӢ,yipr,
рұқҢ,yiaw,
рұқҚ,ybwd,
рұқҺ,fcyo,
рұқҸ,yioh,
рұқҗ,fclo,
рұқ‘,tpk,
рұқ’,mapd,
рұқ“,gigp,
рұқ”,dwaj,
рұқ•,ucaj,
рұқ–,gaua,
рұқ—,ueka,
рұқҳ,wvoa,
рұқҷ,xkhh,
рұқҡ,xwcy,
рұқӣ,wcxb,
рұқң,xhnt,
рұққ,xjfg,
рұқһ,xlgy,
рұқҹ,vigf,
рұқ ,vqmh,
рұқЎ,xgxy,
рұқў,fwfe,
рұқЈ,eeet,
рұқӨ,lfce,
рұқҘ,gkip,
рұқҰ,ccce,
рұқ§,pfqf,
рұқЁ,djde,
рұқ©,pfqn,
рұқӘ,tyi,
рұқ«,thg,
рұқ¬,tmyy,
рұқӯ,tgmh,
рұқ®,ttln,
рұқҜ,trey,
рұқ°,tgmy,
рұқұ,trmj,
рұқІ,tynd,
рұқі,tcde,
рұқҙ,tdeg,
рұқө,tkkk,
рұқ¶,tmff,
рұқ·,twyk,
рұқё,tfft,
рұқ№,thae,
рұқә,twnh,
рұқ»,tadc,
рұқј,cnu,
рұқҪ,ncy,
рұқҫ,tanu,
рұқҝ,yqnu,
рұһҖ,nbg,
рұһҒ,nnn,
рұһӮ,gnu,
рұһғ,wxnu,
рұһ„,xxnu,
рұһ…,nyly,
рұһҶ,nfnu,
рұһҮ,nxnn,
рұһҲ,ngnn,
рұһү,annu,
рұһҠ,nhhy,
рұһӢ,nhnt,
рұһҢ,nrcy,
рұһҚ,enu,
рұһҺ,ucnu,
рұһҸ,nlkg,
рұһҗ,nvbh,
рұһ‘,ntpg,
рұһ’,ntln,
рұһ“,cqwn,
рұһ”,nxqy,
рұһ•,nvfy,
рұһ–,vfnu,
рұһ—,ndfe,
рұһҳ,nfwb,
рұһҷ,nsgg,
рұһҡ,ntxi,
рұһӣ,ntrt,
рұһң,tman,
рұһқ,agun,
рұһһ,njqb,
рұһҹ,njfw,
рұһ ,njcm,
рұһЎ,rqyn,
рұһў,nqrm,
рұһЈ,nwye,
рұһӨ,nynj,
рұһҘ,yqln,
рұһҰ,nugc,
рұһ§,nyqy,
рұһЁ,nvph,
рұһ©,nviy,
рұһӘ,ndgt,
рұһ«,ngli,
рұһ¬,nsjg,
рұһӯ,nalg,
рұһ®,njug,
рұһҜ,njog,
рұһ°,nhka,
рұһұ,woan,
рұһІ,qqun,
рұһі,ntxn,
рұһҙ,nqte,
рұһө,qhng,
рұһ¶,nipq,
рұһ·,nuph,
рұһё,nugd,
рұһ№,unqq,
рұһә,nxqy,
рұһ»,nvfp,
рұһј,stkn,
рұһҪ,ndkk,
рұһҫ,nrde,
рұһҝ,npge,
рұҹҖ,nytr,
рұҹҒ,nwhs,
рұҹӮ,noof,
рұҹғ,nips,
рұҹ„,nymw,
рұҹ…,pynn,
рұҹҶ,nftf,
рұҹҮ,nfhn,
рұҹҲ,nhhh,
рұҹү,nate,
рұҹҠ,nkkn,
рұҹӢ,ndjy,
рұҹҢ,nipq,
рұҹҚ,ugkn,
рұҹҺ,nuja,
рұҹҸ,nias,
рұҹҗ,nnwr,
рұҹ‘,nnhi,
рұҹ’,nfwo,
рұҹ“,nton,
рұҹ”,tgjn,
рұҹ•,ntga,
рұҹ–,qvnk,
рұҹ—,nylt,
рұҹҳ,ndan,
рұҹҷ,qvnx,
рұҹҡ,nwyy,
рұҹӣ,jxyn,
рұҹң,vpma,
рұҹқ,fada,
рұҹһ,hdht,
рұҹҹ,akka,
рұҹ ,mwya,
рұҹЎ,uega,
рұҹў,ynyq,
рұҹЈ,ynmt,
рұҹӨ,amfy,
рұҹҘ,ynux,
рұҹҰ,tdhy,
рұҹ§,ynyp,
рұҹЁ,atdy,
рұҹ©,rgng,
рұҹӘ,riy,
рұҹ«,ret,
рұҹ¬,rnug,
рұҹӯ,rgoy,
рұҹ®,rjnn,
рұҹҜ,rjmh,
рұҹ°,rnhc,
рұҹұ,rlg,
рұҹІ,rtdn,
рұҹі,rtdn,
рұҹҙ,rpvy,
рұҹө,rcrh,
рұҹ¶,rdny,
рұҹ·,srj,
рұҹё,rhmy,
рұҹ№,rgty,
рұҹә,rkrh,
рұҹ»,rkhy,
рұҹј,rmgn,
рұҹҪ,rkmw,
рұҹҫ,rtet,
рұҹҝ,rqyb,
рұ Җ,rtyj,
рұ Ғ,renn,
рұ Ӯ,rwiy,
рұ ғ,ruwc,
рұ „,rpwf,
рұ …,ryg,
рұ Ҷ,ryfh,
рұ Ү,rsty,
рұ Ҳ,rsgi,
рұ ү,rgkh,
рұ Ҡ,rltu,
рұ Ӣ,jxxt,
рұ Ң,rlqy,
рұ Қ,ramf,
рұ Һ,rjfw,
рұ Ҹ,rpwq,
рұ җ,rwwa,
рұ ‘,rwyn,
рұ ’,ryny,
рұ “,ryty,
рұ ”,rudb,
рұ •,rdmv,
рұ –,rdjt,
рұ —,rdcc,
рұ ҳ,rsgq,
рұ ҷ,rlxx,
рұ ҡ,rjog,
рұ ӣ,rtkh,
рұ ң,rypm,
рұ қ,rugd,
рұ һ,rujg,
рұ ҹ,rxjb,
рұ  ,rdmn,
рұ Ў,rmdl,
рұ ў,rthn,
рұ Ј,rqsh,
рұ Ө,inra,
рұ Ҙ,rudp,
рұ Ұ,ryoo,
рұ §,ryos,
рұ Ё,rpie,
рұ ©,rfuk,
рұ Ә,rjgx,
рұ «,rtkk,
рұ ¬,rtsg,
рұ ӯ,rtug,
рұ ®,rtlt,
рұ Ҝ,rbqm,
рұ °,rxkn,
рұ ұ,rfam,
рұ І,rfgf,
рұ і,rjff,
рұ ҙ,rity,
рұ ө,rqkp,
рұ ¶,rpne,
рұ ·,rywy,
рұ ё,rxxe,
рұ №,rmmn,
рұ ә,radn,
рұ »,rjfe,
рұ ј,ryyw,
рұ Ҫ,rcbm,
рұ ҫ,rdar,
рұ ҝ,raiy,
рұЎҖ,ryli,
рұЎҒ,rujk,
рұЎӮ,rxhj,
рұЎғ,rnlv,rnkv
рұЎ„,rddj,
рұЎ…,rlff,
рұЎҶ,rhan,
рұЎҮ,rtfd,
рұЎҲ,russ,
рұЎү,rptl,
рұЎҠ,rxkf,
рұЎӢ,rntt,
рұЎҢ,rdtj,
рұЎҚ,ryxf,
рұЎҺ,rtlt,
рұЎҸ,rahr,
рұЎҗ,rufl,
рұЎ‘,ryak,
рұЎ’,rkhd,
рұЎ“,rcdd,
рұЎ”,ryvg,rywg
рұЎ•,rumo,
рұЎ–,rxys,
рұЎ—,dfnc,
рұЎҳ,goty,
рұЎҷ,gfgc,ghgc
рұЎҡ,fpxt,
рұЎӣ,fwft,
рұЎң,lgjt,
рұЎқ,jwyt,
рұЎһ,djbt,
рұЎҹ,eftt,
рұЎ ,wykt,
рұЎЎ,ohmc,
рұЎў,ymhh,
рұЎЈ,ymhj,
рұЎӨ,yfhg,
рұЎҘ,yrnr,
рұЎҰ,ynbm,
рұЎ§,yvmo,ywfo
рұЎЁ,yvwf,
рұЎ©,kgrh,
рұЎӘ,rxrh,
рұЎ«,hnrh,
рұЎ¬,wqrh,
рұЎӯ,thdr,
рұЎ®,hmnr,
рұЎҜ,dajr,
рұЎ°,drth,
рұЎұ,yitt,
рұЎІ,yrmh,
рұЎі,ytkh,
рұЎҙ,yamf,
рұЎө,amfy,
рұЎ¶,ytff,
рұЎ·,yulj,
рұЎё,ytce,
рұЎ№,hjhh,
рұЎә,jfcy,
рұЎ»,jwyn,
рұЎј,jyly,
рұЎҪ,jygg,
рұЎҫ,jnan,
рұЎҝ,jdjg,
рұўҖ,jgne,
рұўҒ,jmqy,
рұўӮ,judh,
рұўғ,jqto,
рұў„,jrgw,
рұў…,jqrn,
рұўҶ,jwtu,
рұўҮ,jxhh,
рұўҲ,jctd,
рұўү,jgeu,
рұўҠ,jahh,
рұўӢ,jtbf,
рұўҢ,jwyn,
рұўҚ,jpnn,
рұўҺ,jpuv,
рұўҸ,jdgt,
рұўҗ,jfth,
рұў‘,fjff,
рұў’,jfje,
рұў“,jrpf,
рұў”,jlny,
рұў•,jjhg,
рұў–,jwvl,
рұў—,jnuh,
рұўҳ,jqvn,
рұўҷ,jbcc,
рұўҡ,juwy,
рұўӣ,jtgx,
рұўң,jpdk,
рұўқ,jywj,
рұўһ,jyve,
рұўҹ,jytj,
рұў ,jbwt,
рұўЎ,jgqg,
рұўў,janf,
рұўЈ,jjfh,
рұўӨ,juft,
рұўҘ,jffh,
рұўҰ,jgmi,
рұў§,jdwp,
рұўЁ,jmgt,
рұў©,jtwk,
рұўӘ,jwys,
рұў«,jwym,
рұў¬,rlgj,
рұўӯ,jgqw,
рұў®,jhae,
рұўҜ,aanj,
рұў°,jmlo,
рұўұ,jhan,
рұўІ,jtxf,
рұўі,qajj,
рұўҙ,jwgw,
рұўө,maad,
рұў¶,jlck,
рұў·,wglf,
рұўё,wyce,
рұў№,effg,
рұўә,deoy,
рұў»,ewgn,
рұўј,eahl,
рұўҪ,pujg,
рұўҫ,san,
рұўҝ,snuy,
рұЈҖ,fcsu,
рұЈҒ,sgqy,
рұЈӮ,sqng,
рұЈғ,smfg,
рұЈ„,syly,
рұЈ…,ysu,
рұЈҶ,sdf,
рұЈҮ,sogg,
рұЈҲ,smhc,
рұЈү,swwg,
рұЈҠ,sqtb,
рұЈӢ,scbh,
рұЈҢ,sebg,
рұЈҚ,bsu,
рұЈҺ,ahas,
рұЈҸ,saqy,
рұЈҗ,smjh,
рұЈ‘,smww,
рұЈ’,tfhs,
рұЈ“,srgt,
рұЈ”,stnh,
рұЈ•,swhg,
рұЈ–,siwy,
рұЈ—,syoy,
рұЈҳ,scat,
рұЈҷ,sfhy,
рұЈҡ,samy,
рұЈӣ,sfnf,
рұЈң,srdb,
рұЈқ,skcn,
рұЈһ,skmy,
рұЈҹ,svd,
рұЈ ,swng,
рұЈЎ,susy,
рұЈў,spdc,
рұЈЈ,syns,
рұЈӨ,sujg,
рұЈҘ,sdfa,
рұЈҰ,dmhi,
рұЈ§,sffh,
рұЈЁ,ssmf,
рұЈ©,samf,
рұЈӘ,sacn,
рұЈ«,swwa,
рұЈ¬,ytsu,
рұЈӯ,sysy,
рұЈ®,siqn,
рұЈҜ,spmg,
рұЈ°,sifc,
рұЈұ,sxfm,
рұЈІ,sbsk,
рұЈі,svcx,
рұЈҙ,sgqg,
рұЈө,sbkg,
рұЈ¶,sloy,slqo
рұЈ·,skjy,
рұЈё,sahn,
рұЈ№,sthj,
рұЈә,spwh,
рұЈ»,slkm,
рұЈј,scbn,
рұЈҪ,sgqo,
рұЈҫ,sgkf,
рұЈҝ,satk,
рұӨҖ,sadi,
рұӨҒ,saqc,
рұӨӮ,sauw,
рұӨғ,qsms,
рұӨ„,swdk,
рұӨ…,qsjr,
рұӨҶ,swuk,
рұӨҮ,siiv,
рұӨҲ,ssqy,
рұӨү,ahti,
рұӨҠ,hpvs,
рұӨӢ,sjdt,
рұӨҢ,smee,
рұӨҚ,swgl,
рұӨҺ,sxtu,
рұӨҸ,ssss,
рұӨҗ,sfau,
рұӨ‘,golp,
рұӨ’,gsad,
рұӨ“,sdhq,
рұӨ”,sacc,
рұӨ•,sada,
рұӨ–,svdt,
рұӨ—,stkw,
рұӨҳ,stle,
рұӨҷ,sooo,
рұӨҡ,sugi,
рұӨӣ,sxuh,
рұӨң,fiuj,
рұӨқ,shqo,
рұӨһ,shak,
рұӨҹ,sajn,
рұӨ ,skdn,
рұӨЎ,skhf,
рұӨў,mwgi,
рұӨЈ,swgm,
рұӨӨ,siem,
рұӨҘ,snup,
рұӨҰ,gkhs,
рұӨ§,ffti,
рұӨЁ,sttp,
рұӨ©,sthj,
рұӨӘ,stle,
рұӨ«,snlv,snkv
